Workbook

Sheet 5. KBMF
B1: KBank Message Document
C3: Service Name | D3: StatementInfo | E3: MT950-MT940 Stangment
C4: Interface UIID
C5: Message Type | D5: inbound
C6: Description | D6: Get account movement transaction for statement preparation
C7: Remark | D7: File Format | E7: Fixed Length Records
D8: Character Encoding | E8: ASCII
D9: Line Ending | E9: New Line
D10: Endian | E10: N/A
D11: Field Delimeter | E11: N/A
B13: Message Format | C13: Fixed Length
B15: Seq. Number | C15: Field Name | D15: Max. Occurrence | E15: Type | F15: Size | G15: Offset | H15: Mandatory | I15: Description | J15: Format | K15: Sample Values | L15: Default Values | M15: List of Possible Values | N15: Formula/Business Rule | O15: Remarks | P15: Extra Column
B16: 1 | C16: RecType ** | E16: Alphanumeric | F16: 3 | G16: 1 | H16: M | I16: Type of record, this will be header (H01) | L16: 0 | M16: N/A | N16: N/A | O16: N/A | P16: Default value
B17: 2 | C17: SysDt ** | E17: Date | F17: 8 | G17: =G16+F16 | H17: M | J17: YYYYMMDD (CE)
B18: 3 | C18: BusinessDt ** | E18: Date | F18: 8 | G18: =G17+F17 | H18: M | J18: YYYYMMDD (CE)
B19: 4 | C19: FileType ** | E19: Alphanumeric | F19: 50 | G19: =G18+F18 | H19: M | I19: Description of contents of file
C20: Filler | E20: Alphanumeric | F20: 290 | G20: =G19+F19 | H20: R | I20: Padding for fixed length file formats
B21: 1 | C21: TRNDTE | D21: 1 | E21: Date | F21: 8 | G21: 1 | H21: M | I21: Transaction date | J21: YYYYMMDD (CE) | K21: 20160916 | O21: N/A
B22: 2 | C22: REFNO_COREBK | D22: 1 | E22: Alphanumeric | F22: 20 | G22: =G21+F21 | H22: M | I22: Transaction reference of source system (For Send to Core-Bank) | J22: Alphanumeric | K22: IR170000098 | O22: Left Justified, Padding Right with space
B23: 3 | C23: REFNO_SWIFT | D23: 1 | E23: Alphanumeric | F23: 20 | G23: =G22+F22 | H23: R | I23: Transaction reference of source system (For Send to SWIFT) | J23: Alphanumeric | K23: BTIR170000098 | O23: Left Justified, Padding Right with space
B24: 4 | C24: CUSTID | D24: 1 | E24: Alphanumeric | F24: 10 | G24: =G23+F23 | H24: R | I24: Customer ID (CIS ID) | J24: Alphanumeric | K24: 00050710 | O24: Left Justified, Padding Right with space
B25: 5 | C25: CUSTNM | D25: 1 | E25: Alphanumeric | F25: 170 | G25: =G24+F24 | H25: M | I25: Customer name | J25: Alphanumeric | K25: THAI KOTCHASARN LOGISTICS SERVICE | O25: Left Justified, Padding Right with space
B26: 6 | C26: CUSTACCT | D26: 1 | E26: Alphanumeric | F26: 10 | G26: =G25+F25 | H26: M | I26: Deposit/ Withdraw account | J26: Alphanumeric | K26: 0991070583 | O26: Left Justified, Padding Right with space
B27: 7 | C27: DCFlag | D27: 1 | E27: Alphanumeric | F27: 1 | G27: =G26+F26 | H27: M | I27: Debit or Credit transaction | J27: Alphanumeric | K27: D, C | O27: N/A
B28: 8 | C28: CCYCode | D28: 1 | E28: Alphanumeric | F28: 3 | G28: =G27+F27 | H28: M | I28: Currency code of account | J28: Alphanumeric | K28: THB | O28: N/A
B29: 9 | C29: TransAmount | D29: 1 | E29: numeric | F29: 18 | G29: =G28+F28 | H29: M | I29: Transaction Amount | J29: NUMBER(18,2) | K29: 000000000000103000 | O29: Right Justified, Padding Left with zeros
B30: 10 | C30: TheirRef | D30: 1 | E30: Alphanumeric | F30: 20 | G30: =G29+F29 | H30: R | I30: Reference from financial institute | J30: Alphanumeric | K30: 2612OPTT465916 | O30: Left Justified, Padding Right with space
B31: 11 | C31: SWIFTTYPE | D31: 1 | E31: Alphanumeric | F31: 3 | G31: =G30+F30 | H31: R | I31: Swift type of customer or financial institute | J31: Alphanumeric | K31: 103, 202 | O31: Left Justified, Padding Right with space
B32: 12 | C32: TXNCODE | D32: 1 | E32: Alphanumeric | F32: 1 | G32: =G31+F31 | H32: M | I32: TransactionCode | J32: Alphanumeric | K32: N=Normal F = FEE I = Interest O = Other | O32: Left Justified, Padding Right with space
B33: 13 | C33: Filler | D33: 1 | E33: Alphanumeric | F33: 75 | G33: =G32+F32 | H33: R | I33: Filler | J33: Alphanumeric | O33: Left Justified, Padding Right with space
B37: 1 | C37: RecType | D37: 1 | E37: Alphanumeric | F37: 3 | G37: 1 | H37: M | I37: Type of record, this will be Account header (DT1) | J37: Alphanumeric | K37: N/A | L37: N/A | M37: N/A | N37: N/A | O37: N/A | P37: N/A
C38: TotalRec | E38: numeric | F38: 6 | G38: =G37+F37 | H38: M | I38: Total Records | J38: numeric
C39: Filler | E39: Alphanumeric | F39: 350 | G39: =G38+F38 | H39: R
C43: Indicates Message Header
C44: Indicates Message Data
C45: Indicates Message Trailer

Sheet convert1
A1: 1 | B1: 1 | C1: 2 | D1: 3 | E1: 4 | F1: 5 | G1: 6 | H1: 7 | I1: 8 | J1: 9 | K1: 10 | L1: 11 | M1: 12 | N1: 13
B2: M | C2: M | D2: R | E2: R | F2: M | G2: M | H2: M | I2: M | J2: M | K2: R | L2: R | M2: M | N2: R
A3: Field Name | B3: TRNDTE | C3: REFNO_COREBK | D3: REFNO_SWIFT | E3: CUSTID | F3: CUSTNM | G3: CUSTACCT | H3: DCFlag | I3: CCYCode | J3: TransAmount | K3: TheirRef | L3: SWIFTTYPE | M3: TXNCODE | N3: Filler
A4: Max. Occurrence | B4: 1 | C4: 1 | D4: 1 | E4: 1 | F4: 1 | G4: 1 | H4: 1 | I4: 1 | J4: 1 | K4: 1 | L4: 1 | M4: 1 | N4: 1
A5: Type | B5: Date | C5: Alphanumeric | D5: Alphanumeric | E5: Alphanumeric | F5: Alphanumeric | G5: Alphanumeric | H5: Alphanumeric | I5: Alphanumeric | J5: numeric | K5: Alphanumeric | L5: Alphanumeric | M5: Alphanumeric | N5: Alphanumeric
A6: Size | B6: 8 | C6: 20 | D6: 20 | E6: 10 | F6: 170 | G6: 10 | H6: 1 | I6: 3 | J6: 18 | K6: 20 | L6: 3 | M6: 1 | N6: 75
A7: Offset | B7: 1 | C7: =B7+B6 | D7: =C7+C6 | E7: =D7+D6 | F7: =E7+E6 | G7: =F7+F6 | H7: =G7+G6 | I7: =H7+H6 | J7: =I7+I6 | ... N7: =M7+M6
A8: Description | B8: Transaction date | C8: Transaction reference of source system (For Send to Core-Bank) | D8: Transaction reference of source system (For Send to SWIFT) | E8: Customer ID (CIS ID) | F8: Customer name | G8: Deposit/ Withdraw account | H8: Debit or Credit transaction | I8: Currency code of account | J8: Transaction Amount | K8: Reference from financial institute | L8: Swift type of customer or financial institute | M8: TransactionCode | N8: Filler
A9: Sample Values
B10: =MID($A10,convert1!B$7,convert1!B$6) | C10: =MID($A10,convert1!C$7,convert1!C$6) | D10: =MID($A10,convert1!D$7,convert1!D$6) | E10: =MID($A10,convert1!E$7,convert1!E$6) | F10: =MID($A10,convert1!F$7,convert1!F$6) | G10: =MID($A10,convert1!G$7,convert1!G$6) | H10: =MID($A10,convert1!H$7,convert1!H$6) | I10: =MID($A10,convert1!I$7,convert1!I$6) | ... N10: =MID($A10,convert1!N$7,convert1!N$6)
B11: =MID($A11,convert1!B$7,convert1!B$6) | C11: =MID($A11,convert1!C$7,convert1!C$6) | D11: =MID($A11,convert1!D$7,convert1!D$6) | E11: =MID($A11,convert1!E$7,convert1!E$6) | F11: =MID($A11,convert1!F$7,convert1!F$6) | G11: =MID($A11,convert1!G$7,convert1!G$6) | H11: =MID($A11,convert1!H$7,convert1!H$6) | I11: =MID($A11,convert1!I$7,convert1!I$6) | ... N11: =MID($A11,convert1!N$7,convert1!N$6)
A12: H012026012820260127 | B12: =MID($A12,convert1!B$7,convert1!B$6) | C12: =MID($A12,convert1!C$7,convert1!C$6) | D12: =MID($A12,convert1!D$7,convert1!D$6) | E12: =MID($A12,convert1!E$7,convert1!E$6) | F12: =MID($A12,convert1!F$7,convert1!F$6) | G12: =MID($A12,convert1!G$7,convert1!G$6) | H12: =MID($A12,convert1!H$7,convert1!H$6) | I12: =MID($A12,convert1!I$7,convert1!I$6) | ... N12: =MID($A12,convert1!N$7,convert1!N$6)
A13: DT1000000 | B13: =MID($A13,convert1!B$7,convert1!B$6) | C13: =MID($A13,convert1!C$7,convert1!C$6) | D13: =MID($A13,convert1!D$7,convert1!D$6) | E13: =MID($A13,convert1!E$7,convert1!E$6) | F13: =MID($A13,convert1!F$7,convert1!F$6) | G13: =MID($A13,convert1!G$7,convert1!G$6) | H13: =MID($A13,convert1!H$7,convert1!H$6) | I13: =MID($A13,convert1!I$7,convert1!I$6) | ... N13: =MID($A13,convert1!N$7,convert1!N$6)
B14: =MID($A14,convert1!B$7,convert1!B$6) | C14: =MID($A14,convert1!C$7,convert1!C$6) | D14: =MID($A14,convert1!D$7,convert1!D$6) | E14: =MID($A14,convert1!E$7,convert1!E$6) | F14: =MID($A14,convert1!F$7,convert1!F$6) | G14: =MID($A14,convert1!G$7,convert1!G$6) | H14: =MID($A14,convert1!H$7,convert1!H$6) | I14: =MID($A14,convert1!I$7,convert1!I$6) | ... N14: =MID($A14,convert1!N$7,convert1!N$6)
B15: =MID($A15,convert1!B$7,convert1!B$6) | C15: =MID($A15,convert1!C$7,convert1!C$6) | D15: =MID($A15,convert1!D$7,convert1!D$6) | E15: =MID($A15,convert1!E$7,convert1!E$6) | F15: =MID($A15,convert1!F$7,convert1!F$6) | G15: =MID($A15,convert1!G$7,convert1!G$6) | H15: =MID($A15,convert1!H$7,convert1!H$6) | I15: =MID($A15,convert1!I$7,convert1!I$6) | ... N15: =MID($A15,convert1!N$7,convert1!N$6)
B16: =MID($A16,convert1!B$7,convert1!B$6) | C16: =MID($A16,convert1!C$7,convert1!C$6) | D16: =MID($A16,convert1!D$7,convert1!D$6) | E16: =MID($A16,convert1!E$7,convert1!E$6) | F16: =MID($A16,convert1!F$7,convert1!F$6) | G16: =MID($A16,convert1!G$7,convert1!G$6) | H16: =MID($A16,convert1!H$7,convert1!H$6) | I16: =MID($A16,convert1!I$7,convert1!I$6) | ... N16: =MID($A16,convert1!N$7,convert1!N$6)
B17: =MID($A17,convert1!B$7,convert1!B$6) | C17: =MID($A17,convert1!C$7,convert1!C$6) | D17: =MID($A17,convert1!D$7,convert1!D$6) | E17: =MID($A17,convert1!E$7,convert1!E$6) | F17: =MID($A17,convert1!F$7,convert1!F$6) | G17: =MID($A17,convert1!G$7,convert1!G$6) | H17: =MID($A17,convert1!H$7,convert1!H$6) | I17: =MID($A17,convert1!I$7,convert1!I$6) | ... N17: =MID($A17,convert1!N$7,convert1!N$6)
B18: =MID($A18,convert1!B$7,convert1!B$6) | C18: =MID($A18,convert1!C$7,convert1!C$6) | D18: =MID($A18,convert1!D$7,convert1!D$6) | E18: =MID($A18,convert1!E$7,convert1!E$6) | F18: =MID($A18,convert1!F$7,convert1!F$6) | G18: =MID($A18,convert1!G$7,convert1!G$6) | H18: =MID($A18,convert1!H$7,convert1!H$6) | I18: =MID($A18,convert1!I$7,convert1!I$6) | ... N18: =MID($A18,convert1!N$7,convert1!N$6)
B19: =MID($A19,convert1!B$7,convert1!B$6) | C19: =MID($A19,convert1!C$7,convert1!C$6) | D19: =MID($A19,convert1!D$7,convert1!D$6) | E19: =MID($A19,convert1!E$7,convert1!E$6) | F19: =MID($A19,convert1!F$7,convert1!F$6) | G19: =MID($A19,convert1!G$7,convert1!G$6) | H19: =MID($A19,convert1!H$7,convert1!H$6) | I19: =MID($A19,convert1!I$7,convert1!I$6) | ... N19: =MID($A19,convert1!N$7,convert1!N$6)
B20: =MID($A20,convert1!B$7,convert1!B$6) | C20: =MID($A20,convert1!C$7,convert1!C$6) | D20: =MID($A20,convert1!D$7,convert1!D$6) | E20: =MID($A20,convert1!E$7,convert1!E$6) | F20: =MID($A20,convert1!F$7,convert1!F$6) | G20: =MID($A20,convert1!G$7,convert1!G$6) | H20: =MID($A20,convert1!H$7,convert1!H$6) | I20: =MID($A20,convert1!I$7,convert1!I$6) | ... N20: =MID($A20,convert1!N$7,convert1!N$6)
B21: =MID($A21,convert1!B$7,convert1!B$6) | C21: =MID($A21,convert1!C$7,convert1!C$6) | D21: =MID($A21,convert1!D$7,convert1!D$6) | E21: =MID($A21,convert1!E$7,convert1!E$6) | F21: =MID($A21,convert1!F$7,convert1!F$6) | G21: =MID($A21,convert1!G$7,convert1!G$6) | H21: =MID($A21,convert1!H$7,convert1!H$6) | I21: =MID($A21,convert1!I$7,convert1!I$6) | ... N21: =MID($A21,convert1!N$7,convert1!N$6)
B22: =MID($A22,convert1!B$7,convert1!B$6) | C22: =MID($A22,convert1!C$7,convert1!C$6) | D22: =MID($A22,convert1!D$7,convert1!D$6) | E22: =MID($A22,convert1!E$7,convert1!E$6) | F22: =MID($A22,convert1!F$7,convert1!F$6) | G22: =MID($A22,convert1!G$7,convert1!G$6) | H22: =MID($A22,convert1!H$7,convert1!H$6) | I22: =MID($A22,convert1!I$7,convert1!I$6) | ... N22: =MID($A22,convert1!N$7,convert1!N$6)
B23: =MID($A23,convert1!B$7,convert1!B$6) | C23: =MID($A23,convert1!C$7,convert1!C$6) | D23: =MID($A23,convert1!D$7,convert1!D$6) | E23: =MID($A23,convert1!E$7,convert1!E$6) | F23: =MID($A23,convert1!F$7,convert1!F$6) | G23: =MID($A23,convert1!G$7,convert1!G$6) | H23: =MID($A23,convert1!H$7,convert1!H$6) | I23: =MID($A23,convert1!I$7,convert1!I$6) | ... N23: =MID($A23,convert1!N$7,convert1!N$6)
B24: =MID($A24,convert1!B$7,convert1!B$6) | C24: =MID($A24,convert1!C$7,convert1!C$6) | D24: =MID($A24,convert1!D$7,convert1!D$6) | E24: =MID($A24,convert1!E$7,convert1!E$6) | F24: =MID($A24,convert1!F$7,convert1!F$6) | G24: =MID($A24,convert1!G$7,convert1!G$6) | H24: =MID($A24,convert1!H$7,convert1!H$6) | I24: =MID($A24,convert1!I$7,convert1!I$6) | ... N24: =MID($A24,convert1!N$7,convert1!N$6)
B25: =MID($A25,convert1!B$7,convert1!B$6) | C25: =MID($A25,convert1!C$7,convert1!C$6) | D25: =MID($A25,convert1!D$7,convert1!D$6) | E25: =MID($A25,convert1!E$7,convert1!E$6) | F25: =MID($A25,convert1!F$7,convert1!F$6) | G25: =MID($A25,convert1!G$7,convert1!G$6) | H25: =MID($A25,convert1!H$7,convert1!H$6) | I25: =MID($A25,convert1!I$7,convert1!I$6) | ... N25: =MID($A25,convert1!N$7,convert1!N$6)
... B536: =MID($A536,convert1!B$7,convert1!B$6) | C536: =MID($A536,convert1!C$7,convert1!C$6) | D536: =MID($A536,convert1!D$7,convert1!D$6) | E536: =MID($A536,convert1!E$7,convert1!E$6) | F536: =MID($A536,convert1!F$7,convert1!F$6) | G536: =MID($A536,convert1!G$7,convert1!G$6) | H536: =MID($A536,convert1!H$7,convert1!H$6) | I536: =MID($A536,convert1!I$7,convert1!I$6) | ... N536: =MID($A536,convert1!N$7,convert1!N$6)

Sheet Sheet3
A1: IR001200731FEEAPI
A2: IR20081100000001
A3: IR20081100000002
A4: IR20071700003202
A5: IR20081100000007
A6: IR20081100000010
A7: IR20081000000021
A8: IR20081000000013
A9: IR20081100000011
